ticker,company,gics_sector,start_date,end_date,delist_note
# ---------------------------------------------------------------------------
# POINT-IN-TIME S&P 600 MEMBERSHIP STORE  (schema, read by universe.py)
# ---------------------------------------------------------------------------
# One row per (ticker, membership-interval). A ticker that left and re-entered
# the index has multiple rows.
#
#   ticker       yfinance-normalized symbol (BRK.B -> BRK-B)
#   company      issuer name
#   gics_sector  GICS sector at time of membership (sector-neutral grouping key)
#   start_date   first date the name was an index member (YYYY-MM-DD)
#   end_date     last date of membership; BLANK = still a member
#   delist_note  why it left: "delisted", "acquired", "promoted-to-400",
#                "relegated", "" if still a member. Names that left via
#                "delisted" are the survivorship cases backtest.py must carry
#                to terminal value (see diagnostics/survivorship_assert.py).
#
# is_member(ticker, date) := any row with start_date <= date <= (end_date or +inf)
#
# This file ships EMPTY of real rows. universe.py seeds it from current
# Wikipedia membership on first run and warns LOUDLY that a current-only
# snapshot is survivorship-biased. Replace with a true PIT export from
# S&P Global / CRSP for a clean backtest. The two example rows below are
# commented out and exist only to document the format.
#
# AAPL,Apple Inc.,Information Technology,1996-06-01,1997-12-31,promoted-to-400
# XYZQ,Defunct Co,Industrials,2018-03-19,2020-11-04,delisted
AAMI,Acadian Asset Management Inc.,Financials,2026-06-30,,
AAP,Advance Auto Parts, Inc.,Consumer Discretionary,2026-06-30,,
AAT,American Assets Trust,Real Estate,2026-06-30,,
ABCB,Ameris Bancorp,Financials,2026-06-30,,
ABG,Asbury Automotive Group,Consumer Discretionary,2026-06-30,,
ABM,ABM Industries, Inc.,Industrials,2026-06-30,,
ABR,Arbor Realty Trust,Financials,2026-06-30,,
ACA,Arcosa, Inc.,Industrials,2026-06-30,,
ACAD,Acadia Pharmaceuticals,Health Care,2026-06-30,,
ACHC,Acadia Healthcare,Health Care,2026-06-30,,
ACIW,ACI Worldwide,Information Technology,2026-06-30,,
ACLS,Axcelis Technologies, Inc.,Information Technology,2026-06-30,,
ACMR,ACM Research, Inc.,Information Technology,2026-06-30,,
ACT,Enact Holdings, Inc.,Financials,2026-06-30,,
ADAM,Adamas Trust, Inc.,Real Estate,2026-06-30,,
ADEA,Adeia, Inc.,Information Technology,2026-06-30,,
ADMA,ADMA Biologics, Inc.,Health Care,2026-06-30,,
ADNT,Adient,Consumer Discretionary,2026-06-30,,
ADT,ADT Inc.,Consumer Discretionary,2026-06-30,,
ADUS,Addus HomeCare Corp.,Health Care,2026-06-30,,
AEO,American Eagle Outfitters,Consumer Discretionary,2026-06-30,,
AESI,Atlas Energy Solutions, Inc.,Energy,2026-06-30,,
AGNT,eXp World Holdings, Inc.,Real Estate,2026-06-30,,
AGO,Assured Guaranty Ltd.,Financials,2026-06-30,,
AGX,Argan, Inc.,Industrials,2026-06-30,,
AGYS,Agilysys, Inc.,Information Technology,2026-06-30,,
AHCO,AdaptHealth Corp.,Health Care,2026-06-30,,
AIN,Albany International Corp.,Industrials,2026-06-30,,
AIR,AAR CORP.,Industrials,2026-06-30,,
AKR,Acadia Realty Trust,Real Estate,2026-06-30,,
ALG,Alamo Group,Industrials,2026-06-30,,
ALGT,Allegiant Travel Company,Industrials,2026-06-30,,
ALHC,Alignment Healthcare, Inc.,Health Care,2026-06-30,,
ALKS,Alkermes plc,Health Care,2026-06-30,,
ALRM,Alarm.Com, Inc.,Financials,2026-06-30,,
AMN,Amn Healthcare Services, Inc.,Health Care,2026-06-30,,
AMPH,Amphstar Pharmaceuticals, Inc.,Health Care,2026-06-30,,
AMR,Alpha Metallurgical Resources, Inc.,Materials,2026-06-30,,
AMRX,Amneal Pharmaceuticals,Health Care,2026-06-30,,
AMSF,Amerisafe, Inc.,Financials,2026-06-30,,
AMTM,Amentum,Industrials,2026-06-30,,
ANDE,The Andersons, Inc.,Consumer Staples,2026-06-30,,
ANIP,ANI Pharmaceuticals, Inc.,Health Care,2026-06-30,,
AORT,Artivion,Health Care,2026-06-30,,
AOSL,Alpha and Omega Semiconductor, Ltd.,Information Technology,2026-06-30,,
APAM,Artisan Partners Asset Management, Inc.,Financials,2026-06-30,,
APLE,Apple Hospitality REIT, Inc.,Real Estate,2026-06-30,,
APOG,Apogee Enterprises, Inc.,Industrials,2026-06-30,,
ARCB,ArcBest Corp.,Industrials,2026-06-30,,
ARI,Apollo Commercial Real Estate Finance,Real Estate,2026-06-30,,
ARLO,Arlo Technologies,Information Technology,2026-06-30,,
AROC,Archrock, Inc.,Energy,2026-06-30,,
ARR,Armour Residential REIT,Real Estate,2026-06-30,,
ASO,Academy Sports + Outdoors,Consumer Discretionary,2026-06-30,,
ASTE,Astec Industries, Inc.,Industrials,2026-06-30,,
ASTH,Astrana Health, Inc.,Health Care,2026-06-30,,
ATEN,A10 Networks, Inc.,Information Technology,2026-06-30,,
ATMU,Atmus Filtration Technologies Inc.,Industrials,2026-06-30,,
AUB,Atlantic Union Bankshares, Corp.,Financials,2026-06-30,,
AVA,Avista Corporation,Utilities,2026-06-30,,
AVNS,Avanos Medical, Inc.,Health Care,2026-06-30,,
AWI,Armstrong World Industries, Inc.,Industrials,2026-06-30,,
AWR,American States Water Company,Utilities,2026-06-30,,
AX,Axos Financial, Inc.,Financials,2026-06-30,,
AZTA,Azenta, Inc.,Health Care,2026-06-30,,
AZZ,AZZ, Inc.,Industrials,2026-06-30,,
BANC,Banc Of California, Inc.,Financials,2026-06-30,,
BANF,Bancfirst Corp,Financials,2026-06-30,,
BANR,Banner Corporation,Financials,2026-06-30,,
BBT,Beacon Financial Corp.,Financials,2026-06-30,,
BCC,Boise Cascade,Industrials,2026-06-30,,
BCPC,Balchem Corporation,Materials,2026-06-30,,
BFAM,Bright Horizons Family Solutions Inc.,Consumer Discretionary,2026-06-30,,
BFH,Bread Financial Holdings, Inc.,Financials,2026-06-30,,
BFS,Saul Centers, Inc.,Real Estate,2026-06-30,,
BGC,BGC Group, Inc.,Financials,2026-06-30,,
BHE,Benchmark Electronics, Inc.,Information Technology,2026-06-30,,
BJRI,BJ's Restaurants, Inc.,Consumer Discretionary,2026-06-30,,
BKE,The Buckle, Inc.,Consumer Discretionary,2026-06-30,,
BKU,BankUnited, Inc.,Financials,2026-06-30,,
BL,BlackLine Systems, Inc.,Information Technology,2026-06-30,,
BLFS,BioLife Solutions, Inc.,Health Care,2026-06-30,,
BMI,Badger Meter, Inc.,Information Technology,2026-06-30,,
BNL,Broadstone Net Lease, Inc.,Real Estate,2026-06-30,,
BOH,Bank of Hawaii,Financials,2026-06-30,,
BOOT,Boot Barn Holdings, Inc.,Consumer Discretionary,2026-06-30,,
BOX,Box, Inc.,Information Technology,2026-06-30,,
BRC,Brady Corporation,Industrials,2026-06-30,,
BTSG,BrightSpring Health Services, Inc.,Health Care,2026-06-30,,
BTU,Peabody Energy, Inc.,Energy,2026-06-30,,
BXMT,Blackstone Mortgage Trust, Inc.,Financials,2026-06-30,,
CABO,Cable One,Communication Services,2026-06-30,,
CAKE,The Cheesecake Factory, Inc.,Consumer Discretionary,2026-06-30,,
CALM,Cal-Maine Foods, Inc.,Consumer Staples,2026-06-30,,
CALX,Calix,Information Technology,2026-06-30,,
CALY,Callaway Golf Company,Consumer Discretionary,2026-06-30,,
CARG,CarGurus,Communication Services,2026-06-30,,
CASH,Pathward Financial, Inc.,Financials,2026-06-30,,
CATY,Cathay General Bancorp,Financials,2026-06-30,,
CBRL,Cracker Barrel,Consumer Discretionary,2026-06-30,,
CBU,Community Bank System, Inc.,Financials,2026-06-30,,
CC,Chemours,Materials,2026-06-30,,
CCOI,Cogent Communications Holdings, Inc.,Communication Services,2026-06-30,,
CCS,Century Communities, Inc.,Consumer Discretionary,2026-06-30,,
CE,Celanese,Materials,2026-06-30,,
CENT,Central Garden & Pet Company,Consumer Staples,2026-06-30,,
CENTA,Central Garden & Pet Company (Class A),Consumer Staples,2026-06-30,,
CENX,Century Aluminum Company,Materials,2026-06-30,,
CERT,Certara, Inc.,Health Care,2026-06-30,,
CFFN,Capitol Federal Savings Bank,Financials,2026-06-30,,
CHCO,City Holding Company,Financials,2026-06-30,,
CHEF,Chefs' Warehouse, Inc.,Consumer Staples,2026-06-30,,
CLB,Core Laboratories,Energy,2026-06-30,,
CLSK,CleanSpark, Inc.,Information Technology,2026-06-30,,
CNK,Cinemark Holdings, Inc.,Communication Services,2026-06-30,,
CNMD,CONMED Corporation,Health Care,2026-06-30,,
CNR,Core Natural Resources, Inc.,Energy,2026-06-30,,
CNS,Cohen & Steers, Inc.,Financials,2026-06-30,,
CNXN,PC Connection, Inc.,Information Technology,2026-06-30,,
COCO,The Vita Coco Company,Consumer Staples,2026-06-30,,
COHU,Cohu, Inc.,Information Technology,2026-06-30,,
COLL,Collegium Pharmaceutical, Inc.,Health Care,2026-06-30,,
CON,Concentra Group Holdings Parent, Inc.,Health Care,2026-06-30,,
CORT,Corcept Therapeutics Incorporated,Health Care,2026-06-30,,
CPF,Central Pacific Financial Corp.,Financials,2026-06-30,,
CPK,Chesapeake Utilities Corp.,Utilities,2026-06-30,,
CPRX,Catalyst Pharmaceuticals Partners, Inc.,Health Care,2026-06-30,,
CRC,California Resources Corporation,Energy,2026-06-30,,
CRGY,Crescent Energy Company,Energy,2026-06-30,,
CRI,Carter's, Inc.,Consumer Discretionary,2026-06-30,,
CRK,Comstock Resources, Inc.,Energy,2026-06-30,,
CRSR,Corsair Gaming,Information Technology,2026-06-30,,
CRVL,CorVel Corporation,Health Care,2026-06-30,,
CSR,Centerspace Trust,Real Estate,2026-06-30,,
CSW,CSW Industrials, Inc.,Industrials,2026-06-30,,
CTKB,Cytek Biosciences, Inc.,Health Care,2026-06-30,,
CTS,CTS Corporation,Information Technology,2026-06-30,,
CUBI,Customers Bancorp, Inc.,Financials,2026-06-30,,
CURB,Curbline Properties Corp.,Real Estate,2026-06-30,,
CVBF,CVB Financial Corp.,Financials,2026-06-30,,
CVCO,Cavco Industries, Inc.,Consumer Discretionary,2026-06-30,,
CVI,CVR Energy, Inc.,Energy,2026-06-30,,
CVSA,Covista Inc.,Consumer Discretionary,2026-06-30,,
CWEN,Clearway Energy, Inc. (Class C),Utilities,2026-06-30,,
CWEN-A,Clearway Energy, Inc. (Class A),Utilities,2026-06-30,,
CWK,Cushman & Wakefield plc,Real Estate,2026-06-30,,
CWST,Casella Waste Systems, Inc.,Industrials,2026-06-30,,
CWT,California Water Service Group,Utilities,2026-06-30,,
CXM,Sprinklr, Inc.,Information Technology,2026-06-30,,
CXW,CoreCivic,Industrials,2026-06-30,,
CZR,Caesars Entertainment,Consumer Discretionary,2026-06-30,,
DAN,Dana Incorporated,Consumer Discretionary,2026-06-30,,
DAVE,Dave, Inc.,Financials,2026-06-30,,
DBD,Diebold Nixdorf,Information Technology,2026-06-30,,
DCH,Dauch Corporation,Consumer Discretionary,2026-06-30,,
DCOM,Dime Community Bancshares, Inc.,Financials,2026-06-30,,
DEA,Easterly Government Properties, Inc.,Real Estate,2026-06-30,,
DEI,Douglas Emmett,Real Estate,2026-06-30,,
DFH,Dream Finders Homes, Inc.,Consumer Discretionary,2026-06-30,,
DFIN,Donnelley Financial Solutions, Inc.,Financials,2026-06-30,,
DGII,Digi International Inc.,Information Technology,2026-06-30,,
DIOD,Diodes Incorporated,Information Technology,2026-06-30,,
DLX,Deluxe Corporation,Industrials,2026-06-30,,
DNOW,NOW Inc,Industrials,2026-06-30,,
DORM,Dorman Products, Inc.,Consumer Discretionary,2026-06-30,,
DRH,DiamondRock Hospitality Company,Real Estate,2026-06-30,,
DV,DoubleVerify Holdings, Inc.,Communication Services,2026-06-30,,
DXC,DXC Technology,Information Technology,2026-06-30,,
DXPE,DXP Enterprises, Inc.,Industrials,2026-06-30,,
EAT,Brinker International, Inc.,Consumer Discretionary,2026-06-30,,
ECG,Everus Construction Group, Inc.,Industrials,2026-06-30,,
ECPG,Encore Capital Group, Inc.,Financials,2026-06-30,,
EFC,Ellington Financial, Inc.,Financials,2026-06-30,,
EFOR,Everforth Inc.,Information Technology,2026-06-30,,
EGBN,Eagle Bancorp Inc,Financials,2026-06-30,,
EIG,Employers Holdings, Inc.,Financials,2026-06-30,,
EMBC,Embecta Corp.,Health Care,2026-06-30,,
EMN,Eastman Chemical Company,Materials,2026-06-30,,
ENOV,Enovis,Health Care,2026-06-30,,
ENPH,Enphase Energy,Information Technology,2026-06-30,,
ENR,Energizer,Consumer Staples,2026-06-30,,
ENVA,Enova International, Inc.,Financials,2026-06-30,,
EPAC,Enerpac Tool Group,Industrials,2026-06-30,,
EPAM,EPAM Systems,Information Technology,2026-06-30,,
EPC,Edgewell Personal Care,Consumer Staples,2026-06-30,,
EPRT,Essential Properties Realty Trust, Inc.,Real Estate,2026-06-30,,
ESE,ESCO Technologies Inc.,Industrials,2026-06-30,,
ESI,Element Solutions,Materials,2026-06-30,,
ETD,Ethan Allen Interiors, Inc.,Consumer Discretionary,2026-06-30,,
ETSY,Etsy,Consumer Discretionary,2026-06-30,,
EVTC,EVERTEC, Inc.,Financials,2026-06-30,,
EXTR,Extreme Networks, Inc.,Information Technology,2026-06-30,,
EYE,National Vision Holdings,Consumer Discretionary,2026-06-30,,
EZPW,EZCORP, Inc.,Financials,2026-06-30,,
FA,First Advantage Corporation,Industrials,2026-06-30,,
FBK,FB Financial Corp.,Financials,2026-06-30,,
FBNC,First Bancorp (Southern Pines NC),Financials,2026-06-30,,
FBP,First BanCorp (Puerto Rico),Financials,2026-06-30,,
FBRT,Franklin BSP Realty Trust, Inc.,Real Estate,2026-06-30,,
FCF,First Commonwealth Financial, Corp.,Financials,2026-06-30,,
FCPT,Four Corners Property Trust, Inc.,Real Estate,2026-06-30,,
FDP,Fresh Del Monte Produce, Inc.,Consumer Staples,2026-06-30,,
FELE,Franklin Electric,Industrials,2026-06-30,,
FFBC,First Financial Bancorp,Financials,2026-06-30,,
FG,F&G Annuities & Life, Inc.,Financials,2026-06-30,,
FHB,First Hawaiian, Inc.,Financials,2026-06-30,,
FIBK,First Interstate BancSystem, Inc.,Financials,2026-06-30,,
FIZZ,National Beverage Corp.,Consumer Staples,2026-06-30,,
FLO,Flowers Foods,Consumer Staples,2026-06-30,,
FMC,FMC Corporation,Materials,2026-06-30,,
FORM,FormFactor, Inc.,Information Technology,2026-06-30,,
FOXF,Fox Factory,Consumer Discretionary,2026-06-30,,
FRPT,Freshpet,Consumer Staples,2026-06-30,,
FSS,Federal Signal Corporation,Industrials,2026-06-30,,
FTDR,Frontdoor, Inc.,Consumer Discretionary,2026-06-30,,
FTRE,Fortrea,Health Care,2026-06-30,,
FUL,H.B. Fuller Company,Materials,2026-06-30,,
FULT,Fulton Financial Corporation,Financials,2026-06-30,,
FUN,Six Flags,Consumer Discretionary,2026-06-30,,
FWRD,Forward Air Corp.,Industrials,2026-06-30,,
GBX,The Greenbrier Companies, Inc.,Industrials,2026-06-30,,
GDYN,Grid Dynamics Holdings, Inc.,Information Technology,2026-06-30,,
GEO,GEO Group, Inc.,Industrials,2026-06-30,,
GFF,Griffon Corporation,Industrials,2026-06-30,,
GIII,G-III Apparel Group, Ltd.,Consumer Discretionary,2026-06-30,,
GKOS,Glaukos Corp.,Health Care,2026-06-30,,
GNL,Global Net Lease, Inc.,Real Estate,2026-06-30,,
GNW,Genworth Financial, Inc.,Financials,2026-06-30,,
GO,Grocery Outlet,Consumer Staples,2026-06-30,,
GOGO,Gogo, Inc.,Communication Services,2026-06-30,,
GOLF,Acushnet Company,Consumer Discretionary,2026-06-30,,
GPI,Group 1 Automotive, Inc.,Consumer Discretionary,2026-06-30,,
GRBK,Green Brick Partners, Inc.,Consumer Discretionary,2026-06-30,,
GSHD,Goosehead Insurance, Inc.,Financials,2026-06-30,,
GTES,Gates Corporation,Industrials,2026-06-30,,
GTM,ZoomInfo,Communication Services,2026-06-30,,
GTY,Getty Realty Corp.,Real Estate,2026-06-30,,
GVA,Granite Construction, Inc.,Industrials,2026-06-30,,
HAFC,Hanmi Financial Corporation,Financials,2026-06-30,,
HASI,Hannon Armstrong Sustainable Infrastructure Capital, Inc.,Financials,2026-06-30,,
HAYW,Hayward Holdings, Inc.,Industrials,2026-06-30,,
HCC,Warrior Met Coal, Inc.,Materials,2026-06-30,,
HCI,HCI Group, Inc.,Financials,2026-06-30,,
HCSG,Healthcare Services Group, Inc.,Industrials,2026-06-30,,
HE,Hawaiian Electric Industries, Inc.,Utilities,2026-06-30,,
HFWA,Heritage Financial Corporation,Health Care,2026-06-30,,
HIW,Highwoods Properties,Real Estate,2026-06-30,,
HLIT,Harmonic Inc.,Information Technology,2026-06-30,,
HLX,Helix Energy Solutions Group, Inc.,Energy,2026-06-30,,
HMN,Horace Mann Educators Corporation,Financials,2026-06-30,,
HNI,HNI Corporation,Industrials,2026-06-30,,
HOPE,Hope Bancorp, Inc.,Financials,2026-06-30,,
HP,Helmerich & Payne, Inc.,Energy,2026-06-30,,
HRMY,Harmony Biosciences Holdings, Inc.,Health Care,2026-06-30,,
HSTM,HealthStream, Inc.,Health Care,2026-06-30,,
HTH,Hilltop Holdings Inc.,Financials,2026-06-30,,
HTLD,Heartland Express, Inc.,Industrials,2026-06-30,,
HTO,H2O America,Utilities,2026-06-30,,
HTZ,Hertz,Industrials,2026-06-30,,
HUBG,Hub Group, Inc.,Industrials,2026-06-30,,
HWKN,Hawkins, Inc.,Materials,2026-06-30,,
HZO,MarineMax, Inc.,Consumer Discretionary,2026-06-30,,
IART,Integra Lifesciences Holdings,Health Care,2026-06-30,,
IBP,Installed Building Products, Inc.,Consumer Discretionary,2026-06-30,,
ICHR,Ichor Holdings, Ltd.,Information Technology,2026-06-30,,
ICUI,ICU Medical,Health Care,2026-06-30,,
IIIN,Insteel Industries, Inc.,Industrials,2026-06-30,,
IIPR,Innovative Industrial Properties, Inc.,Real Estate,2026-06-30,,
INDB,Independent Bank Corp.,Financials,2026-06-30,,
INDV,Indivior,Health Care,2026-06-30,,
INSP,Inspire Medical Systems, Inc.,Health Care,2026-06-30,,
INSW,International Seaways, Inc.,Energy,2026-06-30,,
INVA,Innoviva, Inc.,Health Care,2026-06-30,,
INVX,Innovex International, Inc.,Energy,2026-06-30,,
IOSP,Innospec, Inc.,Materials,2026-06-30,,
IPAR,Inter Parfums, Inc.,Consumer Staples,2026-06-30,,
IRDM,Iridium Communications,Communication Services,2026-06-30,,
ITGR,Integer Holdings Corporation,Health Care,2026-06-30,,
ITRI,Itron, Inc.,Information Technology,2026-06-30,,
JBGS,JBG Smith,Real Estate,2026-06-30,,
JBLU,JetBlue,Industrials,2026-06-30,,
JBSS,John B. Sanfilippo & Son, Inc.,Consumer Staples,2026-06-30,,
JBTM,JBT Marel Corporation,Industrials,2026-06-30,,
JJSF,J&J Snack Foods Corp.,Consumer Staples,2026-06-30,,
JOE,St. Joe Company,Real Estate,2026-06-30,,
JXN,Jackson Financial, Inc.,Financials,2026-06-30,,
KAI,Kadant Inc.,Industrials,2026-06-30,,
KALU,Kaiser Aluminum Corporation,Materials,2026-06-30,,
OPLN,OPENLANE, Inc.,Industrials,2026-06-30,,
KFY,Korn/Ferry International,Industrials,2026-06-30,,
KGS,Kodiak Gas Services, Inc.,Energy,2026-06-30,,
KLIC,Kulicke and Soffa Industries, Inc.,Information Technology,2026-06-30,,
KMPR,Kemper Corporation,Financials,2026-06-30,,
KMT,Kennametal,Industrials,2026-06-30,,
KMX,CarMax, Inc.,Consumer Discretionary,2026-06-30,,
KN,Knowles Corporation,Information Technology,2026-06-30,,
KNTK,Kinetik Holdings, Inc.,Energy,2026-06-30,,
KOP,Koppers Holdings, Inc.,Materials,2026-06-30,,
KRYS,Krystal Biotech, Inc.,Health Care,2026-06-30,,
KSS,Kohl's Corp.,Consumer Discretionary,2026-06-30,,
KTB,Kontoor Brands,Consumer Discretionary,2026-06-30,,
KWR,Quaker Chemical Corporation,Materials,2026-06-30,,
LAUR,Laureate Education, Inc.,Consumer Discretionary,2026-06-30,,
LBRT,Liberty Energy, Inc.,Energy,2026-06-30,,
LCII,LCI Industries,Consumer Discretionary,2026-06-30,,
LEG,Leggett & Platt,Consumer Discretionary,2026-06-30,,
LFST,Lifestance Health,Health Care,2026-06-30,,
LGIH,LGI Homes,Consumer Discretionary,2026-06-30,,
LIF,Life360,Information Technology,2026-06-30,,
LGND,Ligand Pharmaceuticals, Inc.,Health Care,2026-06-30,,
LKFN,Lakeland Financial,Financials,2026-06-30,,
LKQ,LKQ Corporation,Consumer Discretionary,2026-06-30,,
LMAT,LeMaitre Vascular,Health Care,2026-06-30,,
LNC,Lincoln Financial,Financials,2026-06-30,,
LNN,Lindsay Corporation,Materials,2026-06-30,,
LPG,Dorian LPG Ltd.,Energy,2026-06-30,,
LQDT,Liquidity Services, Inc.,Industrials,2026-06-30,,
LRN,Stride, Inc.,Consumer Discretionary,2026-06-30,,
LTC,LTC Properties, Inc.,Real Estate,2026-06-30,,
LTH,Life Time Group Holdings, Inc.,Consumer Discretionary,2026-06-30,,
LUMN,Lumen Technologies,Communication Services,2026-06-30,,
LW,Lamb Weston,Consumer Staples,2026-06-30,,
LXP,Lexington Realty Trust,Real Estate,2026-06-30,,
LYFT,Lyft, Inc.,Industrials,2026-06-30,,
LZ,LegalZoom.com, Inc.,Industrials,2026-06-30,,
LZB,La-Z-Boy, Inc.,Consumer Discretionary,2026-06-30,,
MAC,Macerich,Real Estate,2026-06-30,,
MAN,ManpowerGroup,Industrials,2026-06-30,,
MARA,MARA Holdings, Inc.,Information Technology,2026-06-30,,
MATW,Matthews International Corporation,Consumer Discretionary,2026-06-30,,
MATX,Matson, Inc.,Industrials,2026-06-30,,
MBC,MasterBrand, Inc.,Industrials,2026-06-30,,
MBIN,Merchants Bancorp,Financials,2026-06-30,,
MC,Moelis & Company,Financials,2026-06-30,,
MCRI,Monarch Casino & Resort, Inc.,Consumer Discretionary,2026-06-30,,
MCY,Mercury General,Financials,2026-06-30,,
MD,Pediatrix Medical Group,Health Care,2026-06-30,,
MDU,MDU Resources Group, Inc.,Utilities,2026-06-30,,
MGEE,MGE Energy, Inc.,Utilities,2026-06-30,,
MGY,Magnolia Oil & Gas, Corp.,Energy,2026-06-30,,
MHK,Mohawk Industries,Consumer Discretionary,2026-06-30,,
MHO,M/I Homes, Inc.,Consumer Discretionary,2026-06-30,,
MIR,Mirion Technologies, Inc.,Information Technology,2026-06-30,,
MKTX,MarketAxess,Financials,2026-06-30,,
MLKN,MillerKnoll, Inc.,Industrials,2026-06-30,,
MMI,Marcus & Millichap, Inc.,Real Estate,2026-06-30,,
MMSI,Merit Medical Systems, Inc.,Health Care,2026-06-30,,
MNRO,Monro, Inc.,Consumer Discretionary,2026-06-30,,
MOH,Molina Healthcare,Health Care,2026-06-30,,
MPT,Medical Properties Trust,Real Estate,2026-06-30,,
MRCY,Mercury Systems,Industrials,2026-06-30,,
MRP,Millrose Properties, Inc.,Real Estate,2026-06-30,,
MRTN,Marten Transport, Ltd.,Industrials,2026-06-30,,
MSEX,Middlesex Water Company,Utilities,2026-06-30,,
MSGS,Madison Square Garden Sports Corp.,Communication Services,2026-06-30,,
MTCH,Match Group,Communication Services,2026-06-30,,
MTH,Meritage Homes Corporation,Consumer Discretionary,2026-06-30,,
MTRN,Materion Corp.,Materials,2026-06-30,,
MTUS,Metallus Inc,Materials,2026-06-30,,
MTX,Minerals Technologies,Materials,2026-06-30,,
MWA,Mueller Water Products,Industrials,2026-06-30,,
MXL,MaxLinear, Inc.,Information Technology,2026-06-30,,
MYRG,MYR Group, Inc.,Industrials,2026-06-30,,
NABL,N-able, Inc.,Information Technology,2026-06-30,,
NATL,NCR Atleos,Financials,2026-06-30,,
NAVI,Navient,Financials,2026-06-30,,
NBHC,National Bank Holdings Corporation,Financials,2026-06-30,,
NBTB,NBT Bancorp, Inc.,Financials,2026-06-30,,
NE,Noble Corporation,Energy,2026-06-30,,
NEO,NeoGenomics Laboratories, Inc.,Health Care,2026-06-30,,
NEOG,Neogen,Health Care,2026-06-30,,
NGVT,Ingevity, Corp.,Materials,2026-06-30,,
NHC,National Healthcare, Corp.,Health Care,2026-06-30,,
NMIH,NMI Holdings, Inc.,Financials,2026-06-30,,
NOG,Northern Oil and Gas, Inc.,Energy,2026-06-30,,
NPK,National Presto Industries, Inc.,Industrials,2026-06-30,,
NPO,EnPro Industries, Inc.,Industrials,2026-06-30,,
NSIT,Insight Enterprises, Inc.,Industrials,2026-06-30,,
NSP,Insperity,Industrials,2026-06-30,,
NSSC,Napco Security Technologies,Information Technology,2026-06-30,,
NTCT,NETSCOUT Systems, Inc.,Information Technology,2026-06-30,,
NWBI,Northwest Bancshares, Inc.,Financials,2026-06-30,,
NWL,Newell Brands,Consumer Discretionary,2026-06-30,,
NWN,NW Natural,Utilities,2026-06-30,,
NX,Quanex Building Products Corporation,Industrials,2026-06-30,,
NXRT,NexPoint Residential Trust, Inc.,Real Estate,2026-06-30,,
OFG,OFG Bancorp,Financials,2026-06-30,,
OGN,Organon & Co.,Health Care,2026-06-30,,
OI,O-I Glass, Inc.,Materials,2026-06-30,,
OII,Oceaneering International, Inc.,Energy,2026-06-30,,
OMCL,Omnicell,Health Care,2026-06-30,,
OSIS,OSI Systems, Inc.,Information Technology,2026-06-30,,
OSW,OneSpaWorld Holdings Limited,Consumer Discretionary,2026-06-30,,
OTTR,Otter Tail Corporation,Utilities,2026-06-30,,
OUT,Outfront Media,Real Estate,2026-06-30,,
OXM,Oxford Industries, Inc.,Consumer Discretionary,2026-06-30,,
PAHC,Phibro Animal Health,Health Care,2026-06-30,,
PARR,Par Pacific Holdings, Inc.,Energy,2026-06-30,,
PAYC,Paycom,Industrials,2026-06-30,,
PAYO,Payoneer Global Inc.,Financials,2026-06-30,,
PATK,Patrick Industries, Inc.,Consumer Discretionary,2026-06-30,,
PBH,Prestige Consumer Healthcare,Health Care,2026-06-30,,
PBI,Pitney Bowes, Inc.,Industrials,2026-06-30,,
PCRX,Pacira BioSciences, Inc.,Health Care,2026-06-30,,
PDFS,PDF Solutions, Inc.,Information Technology,2026-06-30,,
PEB,Pebblebrook Hotel Trust,Real Estate,2026-06-30,,
PECO,Phillips Edison & Company,Real Estate,2026-06-30,,
PENG,Penguin Solutions, Inc.,Information Technology,2026-06-30,,
PENN,Penn Entertainment,Consumer Discretionary,2026-06-30,,
PFBC,Preferred Bank,Financials,2026-06-30,,
PFS,Provident Financial Services, Inc.,Financials,2026-06-30,,
PGNY,Progyny,Health Care,2026-06-30,,
PHIN,PHINIA, Inc.,Consumer Discretionary,2026-06-30,,
PI,Impinj, Inc.,Information Technology,2026-06-30,,
PIPR,Piper Sandler Companies,Financials,2026-06-30,,
PJT,PJT Partners, Inc.,Financials,2026-06-30,,
PLAB,Photronics, Inc.,Information Technology,2026-06-30,,
PLMR,Palomar Holdings, Inc.,Financials,2026-06-30,,
PLUS,ePlus, Inc.,Information Technology,2026-06-30,,
PLXS,Plexus Corp.,Information Technology,2026-06-30,,
PMT,PennyMac Mortgage Investment Trust,Real Estate,2026-06-30,,
POWI,Power Integrations,Information Technology,2026-06-30,,
POWL,Powell Industries, Inc.,Industrials,2026-06-30,,
PPLI,People Inc.,Communication Services,2026-06-30,,
PRA,ProAssurance Corporation,Financials,2026-06-30,,
PRAA,PRA Group, Inc.,Financials,2026-06-30,,
PRDO,Perdoceo Education Corp.,Consumer Discretionary,2026-06-30,,
PRG,PROG Holdings, Inc.,Financials,2026-06-30,,
PRGO,Perrigo,Health Care,2026-06-30,,
PRGS,Progress Software Corporation,Information Technology,2026-06-30,,
PRIM,Primoris Services Corporation,Industrials,2026-06-30,,
PRK,Park National Corp.,Financials,2026-06-30,,
PRKS,United Parks & Resorts,Consumer Discretionary,2026-06-30,,
PRLB,Protolabs,Industrials,2026-06-30,,
PRSU,Pursuit Attractions & Hospitality, Inc.,Consumer Discretionary,2026-06-30,,
PRVA,Privia Health Group, Inc.,Health Care,2026-06-30,,
PSMT,PriceSmart,Consumer Staples,2026-06-30,,
PTCT,PTC Therapeutics, Inc.,Health Care,2026-06-30,,
PTEN,Patterson-UTI Energy, Inc.,Energy,2026-06-30,,
PTGX,Protagonist Therapeutics, Inc.,Health Care,2026-06-30,,
PTON,Peloton Interactive, Inc.,Consumer Discretionary,2026-06-30,,
PZZA,Papa John's Pizza,Consumer Discretionary,2026-06-30,,
QDEL,QuidelOrtho,Health Care,2026-06-30,,
QNST,QuinStreet, Inc.,Communication Services,2026-06-30,,
QRVO,Qorvo,Information Technology,2026-06-30,,
QTWO,Q2 Holdings, Inc.,Information Technology,2026-06-30,,
RAMP,LiveRamp Holdings, Inc.,Information Technology,2026-06-30,,
RAL,Ralliant Corp,Information Technology,2026-06-30,,
RCUS,Arcus Biosciences, Inc.,Health Care,2026-06-30,,
RDN,Radian Group, Inc.,Financials,2026-06-30,,
RDNT,RadNet, Inc.,Health Care,2026-06-30,,
RELY,Remitly,Financials,2026-06-30,,
RES,RPC, Inc.,Energy,2026-06-30,,
REYN,Reynolds Consumer Products,Consumer Staples,2026-06-30,,
REX,REX American Resources Corporation,Energy,2026-06-30,,
REZI,Resideo Technologies, Inc.,Industrials,2026-06-30,,
RHI,Robert Half,Industrials,2026-06-30,,
RHP,Ryman Hospitality Properties,Real Estate,2026-06-30,,
RITM,Rithm Capital,Financials,2026-06-30,,
RNG,RingCentral, Inc.,Information Technology,2026-06-30,,
RNST,Renasant Corp.,Financials,2026-06-30,,
ROCK,Gibraltar Industries, Inc.,Industrials,2026-06-30,,
ROG,Rogers Corporation,Information Technology,2026-06-30,,
RRR,Red Rock Resorts, Inc.,Consumer Discretionary,2026-06-30,,
RUN,Sunrun,Industrials,2026-06-30,,
RUSHA,Rush Enterprises,Industrials,2026-06-30,,
RWT,Redwood Trust, Inc.,Real Estate,2026-06-30,,
RXO,RXO, Inc.,Industrials,2026-06-30,,
SAFE,Safehold, Inc.,Real Estate,2026-06-30,,
SABR,Sabre,Consumer Discretionary,2026-06-30,,
SAFT,Safety Insurance Group, Inc.,Financials,2026-06-30,,
SAH,Sonic Automotive, Inc.,Consumer Discretionary,2026-06-30,,
SANM,Sanmina Corporation,Information Technology,2026-06-30,,
SBCF,Seacoast Banking Corporation of Florida,Financials,2026-06-30,,
SBH,Sally Beauty Holdings, Inc.,Consumer Discretionary,2026-06-30,,
SBSI,Southside Bancshares, Inc.,Financials,2026-06-30,,
SCHL,Scholastic Corporation,Consumer Discretionary,2026-06-30,,
SCL,Stepan Company,Materials,2026-06-30,,
SCSC,ScanSource, Inc.,Information Technology,2026-06-30,,
SDGR,Schrödinger, Inc.,Health Care,2026-06-30,,
SEDG,SolarEdge,Information Technology,2026-06-30,,
SEM,Select Medical Holdings, Corp.,Health Care,2026-06-30,,
SEZL,Sezzle,Financials,2026-06-30,,
SFBS,ServisFirst Bancshares, Inc.,Financials,2026-06-30,,
SFNC,Simmons First National Corporation,Financials,2026-06-30,,
SHAK,Shake Shack, Inc.,Consumer Discretionary,2026-06-30,,
SHEN,Shenandoah Telecommunications Co,Communication Services,2026-06-30,,
SHO,Sunstone Hotel Investors, Inc.,Real Estate,2026-06-30,,
SHOO,Steven Madden, Ltd.,Consumer Discretionary,2026-06-30,,
SIG,Signet Jewelers,Consumer Discretionary,2026-06-30,,
SKT,Tanger Factory Outlet Centers, Inc.,Real Estate,2026-06-30,,
SKY,Champion Homes, Inc.,Consumer Discretionary,2026-06-30,,
SKYW,SkyWest, Inc.,Industrials,2026-06-30,,
SLG,SL Green Realty,Real Estate,2026-06-30,,
SLVM,Sylvamo Corp.,Materials,2026-06-30,,
SM,SM Energy Company,Energy,2026-06-30,,
SMP,Standard Motor Products, Inc.,Consumer Discretionary,2026-06-30,,
SMPL,Simply Good Foods Company,Consumer Staples,2026-06-30,,
SMTC,Semtech Corporation,Information Technology,2026-06-30,,
SNDR,Schneider National,Industrials,2026-06-30,,
SNEX,StoneX Group Inc.,Financials,2026-06-30,,
SONO,Sonos, Inc.,Consumer Discretionary,2026-06-30,,
SPHR,Sphere Entertainment,Communication Services,2026-06-30,,
SPNT,SiriusPoint Ltd.,Financials,2026-06-30,,
SPSC,SPS Commerce, Inc.,Information Technology,2026-06-30,,
SRPT,Sarepta Therapeutics,Health Care,2026-06-30,,
STAA,STAAR Surgical Company,Health Care,2026-06-30,,
STBA,S&T Bancorp, Inc.,Financials,2026-06-30,,
STC,Stewart Information Services Corporation,Financials,2026-06-30,,
STEL,Stellar Bancorp, Inc.,Financials,2026-06-30,,
STEP,StepStone Group,Financials,2026-06-30,,
STRA,Strategic Education, Inc.,Consumer Discretionary,2026-06-30,,
SUPN,Supernus Pharmaceuticals, Inc.,Health Care,2026-06-30,,
SXI,Standex International Corporation,Industrials,2026-06-30,,
SXT,Sensient Technologies,Materials,2026-06-30,,
TALO,Talos Energy, Inc.,Energy,2026-06-30,,
TBBK,The Bancorp, Inc.,Financials,2026-06-30,,
TDC,Teradata,Information Technology,2026-06-30,,
TDS,Telephone and Data Systems, Inc.,Communication Services,2026-06-30,,
TDW,Tidewater, Inc.,Energy,2026-06-30,,
TFIN,Triumph Bancorp, Inc.,Financials,2026-06-30,,
TFX,Teleflex,Health Care,2026-06-30,,
TGTX,TG Therapeutics, Inc.,Health Care,2026-06-30,,
THRM,Gentherm Incorporated,Consumer Discretionary,2026-06-30,,
TILE,Interface, Inc.,Industrials,2026-06-30,,
TMDX,TransMedics Group, Inc.,Health Care,2026-06-30,,
TMP,Tompkins Financial Corporation,Financials,2026-06-30,,
TNC,Tennant Company,Industrials,2026-06-30,,
TNDM,Tandem Diabetes Care,Health Care,2026-06-30,,
TR,Tootsie Roll Industries, Inc.,Consumer Staples,2026-06-30,,
TRIP,TripAdvisor,Communication Services,2026-06-30,,
TRMK,Trustmark Corp.,Financials,2026-06-30,,
TRN,Trinity Industries, Inc.,Industrials,2026-06-30,,
TRNO,Terreno Realty Corporation,Real Estate,2026-06-30,,
TRST,TrustCo Bank Corp NY,Financials,2026-06-30,,
TRUP,Trupanion,Financials,2026-06-30,,
TWO,Two Harbors Investment Corp.,Financials,2026-06-30,,
UA,Under Armour (Class C),Consumer Discretionary,2026-06-30,,
UAA,Under Armour (Class A),Consumer Discretionary,2026-06-30,,
UCB,United Community Banks, Inc.,Financials,2026-06-30,,
UCTT,Ultra Clean Holdings, Inc.,Information Technology,2026-06-30,,
UE,Urban Edge Properties,Real Estate,2026-06-30,,
UFCS,United Fire Group, Inc.,Financials,2026-06-30,,
UFPT,UFP Technologies, Inc.,Health Care,2026-06-30,,
UHT,Universal Health Realty Income Trust,Real Estate,2026-06-30,,
UNF,UniFirst Corporation,Industrials,2026-06-30,,
UNFI,United Natural Foods Inc,Consumer Staples,2026-06-30,,
UNIT,Uniti Group,Communication Services,2026-06-30,,
UPBD,Upbound Group, Inc.,Consumer Discretionary,2026-06-30,,
UPWK,Upwork, Inc.,Industrials,2026-06-30,,
URBN,Urban Outfitters, Inc.,Consumer Discretionary,2026-06-30,,
USPH,U.S. Physical Therapy, Inc.,Health Care,2026-06-30,,
UTI,Universal Technical Institute,Consumer Discretionary,2026-06-30,,
UTL,Unitil Corporation,Utilities,2026-06-30,,
UVV,Universal Corporation,Consumer Staples,2026-06-30,,
VAC,Marriott Vacations Worldwide,Consumer Discretionary,2026-06-30,,
VCEL,Vericel,Health Care,2026-06-30,,
VCTR,Victory Capital Holdings, Inc.,Financials,2026-06-30,,
VCYT,Veracyte, Inc.,Health Care,2026-06-30,,
VECO,Veeco Instruments Inc.,Information Technology,2026-06-30,,
VGNT,Versigent PLC,Consumer Discretionary,2026-06-30,,
VIAV,VIAVI Solutions,Information Technology,2026-06-30,,
VIR,Vir Biotechnology, Inc.,Health Care,2026-06-30,,
VIRT,Virtu Financial, Inc.,Financials,2026-06-30,,
VITL,Vital Farms, Inc.,Consumer Staples,2026-06-30,,
VRRM,Verra Mobility Corporation,Industrials,2026-06-30,,
VRTS,Virtus Investment Partners, Inc.,Financials,2026-06-30,,
VSAT,Viasat, Inc.,Information Technology,2026-06-30,,
VSEC,VSE Corporation,Industrials,2026-06-30,,
VSH,Vishay Intertechnology,Information Technology,2026-06-30,,
VSNT,Versant Media Group, Inc.,Communication Services,2026-06-30,,
VSTS,Vestis,Industrials,2026-06-30,,
VSXY,Victoria's Secret,Consumer Discretionary,2026-06-30,,
VTOL,Bristow Group Inc.,Energy,2026-06-30,,
VYX,NCR Voyix,Information Technology,2026-06-30,,
WABC,Westamerica Bank,Financials,2026-06-30,,
WAFD,WaFd, Inc.,Financials,2026-06-30,,
WAY,Waystar Holding Corp,Health Care,2026-06-30,,
WD,Walker & Dunlop, Inc.,Financials,2026-06-30,,
WDFC,WD-40 Company,Consumer Staples,2026-06-30,,
WEN,The Wendy's Company,Consumer Discretionary,2026-06-30,,
WERN,Werner Enterprises,Industrials,2026-06-30,,
WGO,Winnebago Industries, Inc.,Consumer Discretionary,2026-06-30,,
WHD,Cactus, Inc.,Energy,2026-06-30,,
WINA,Winmark,Consumer Discretionary,2026-06-30,,
WKC,World Kinect Corporation,Energy,2026-06-30,,
WLY,John Wiley & Sons,Communication Services,2026-06-30,,
WOR,Worthington Enterprises,Industrials,2026-06-30,,
WRLD,World Acceptance Corporation,Financials,2026-06-30,,
WS,Worthington Steel,Materials,2026-06-30,,
WSC,WillScot Holdings Corp.,Industrials,2026-06-30,,
WSFS,WSFS Financial Corporation,Financials,2026-06-30,,
WSR,Whitestone REIT,Real Estate,2026-06-30,,
WT,WisdomTree Investments, Inc.,Financials,2026-06-30,,
WU,Western Union,Financials,2026-06-30,,
WWW,Wolverine World Wide, Inc.,Consumer Discretionary,2026-06-30,,
XHR,Xenia Hotels & Resorts, Inc.,Real Estate,2026-06-30,,
XNCR,Xencor Inc,Health Care,2026-06-30,,
XPEL,XPEL, Inc.,Consumer Discretionary,2026-06-30,,
YELP,Yelp, Inc.,Communication Services,2026-06-30,,
YOU,Clear Secure, Inc.,Information Technology,2026-06-30,,
ZD,Ziff Davis,Communication Services,2026-06-30,,
ZWS,Zurn Elkay Water Solutions Corp.,Industrials,2026-06-30,,
